tv,62,0.6857759952545166,23:47:11
laptop,63,0.6150526404380798,23:47:12
laptop,63,0.7528358697891235,23:47:12
laptop,63,0.6711055636405945,23:47:12
mouse,64,0.630778968334198,23:47:12
laptop,63,0.7161304950714111,23:47:13
laptop,63,0.6145031452178955,23:47:13
laptop,63,0.6167592406272888,23:47:13
laptop,63,0.7936487197875977,23:47:14
mouse,64,0.6803865432739258,23:47:14
laptop,63,0.8480873703956604,23:47:14
mouse,64,0.7660638689994812,23:47:14
laptop,63,0.8942978978157043,23:47:14
mouse,64,0.6829046607017517,23:47:14
bottle,39,0.6514238715171814,23:47:14
bottle,39,0.6350613832473755,23:47:14
laptop,63,0.8363856077194214,23:47:14
mouse,64,0.710972785949707,23:47:14
mouse,64,0.8120866417884827,23:47:14
tv,62,0.6059279441833496,23:47:14
mouse,64,0.8065241575241089,23:47:15
mouse,64,0.7104896903038025,23:47:15
laptop,63,0.6359809637069702,23:47:15
book,73,0.7191547155380249,23:47:16
laptop,63,0.7956439852714539,23:47:16
remote,65,0.6470636129379272,23:47:16
bottle,39,0.609025776386261,23:47:17
bottle,39,0.6391237378120422,23:47:17
remote,65,0.6892027854919434,23:47:17
bottle,39,0.7195108532905579,23:47:17
keyboard,66,0.6132686734199524,23:47:17
laptop,63,0.8511840105056763,23:47:18
bottle,39,0.7346491813659668,23:47:18
bottle,39,0.7231694459915161,23:47:18
keyboard,66,0.6276706457138062,23:47:18
laptop,63,0.8280957341194153,23:47:18
mouse,64,0.664168655872345,23:47:18
laptop,63,0.859702467918396,23:47:18
laptop,63,0.9055551290512085,23:47:18
bottle,39,0.6341878175735474,23:47:18
mouse,64,0.6101739406585693,23:47:18
laptop,63,0.6594043374061584,23:47:18
bottle,39,0.6520645022392273,23:47:18
mouse,64,0.600779116153717,23:47:18
chair,56,0.8176562190055847,23:47:20
person,0,0.6925175786018372,23:47:20
person,0,0.6338786482810974,23:47:21
person,0,0.7791029810905457,23:47:21
person,0,0.7441990971565247,23:47:22
cell phone,67,0.7520695924758911,23:47:23
laptop,63,0.8515480160713196,23:47:24
mouse,64,0.7177965641021729,23:47:24
cell phone,67,0.7036296129226685,23:47:24
laptop,63,0.8826992511749268,23:47:24
cell phone,67,0.7540580630302429,23:47:24
mouse,64,0.8752208948135376,23:47:25
laptop,63,0.8640837669372559,23:47:25
cell phone,67,0.6956639289855957,23:47:25
mouse,64,0.7253391742706299,23:47:25
laptop,63,0.9409652352333069,23:47:26
cell phone,67,0.7336040139198303,23:47:26
mouse,64,0.67584627866745,23:47:26
mouse,64,0.8631394505500793,23:47:26
mouse,64,0.9238536953926086,23:47:27
laptop,63,0.8693407773971558,23:47:27
cell phone,67,0.8585835099220276,23:47:27
mouse,64,0.8509743213653564,23:47:27
laptop,63,0.7962424159049988,23:47:27
mouse,64,0.812283456325531,23:47:27
laptop,63,0.6621484756469727,23:47:27
bowl,45,0.6080342531204224,23:47:28
mouse,64,0.6768222451210022,23:47:29
laptop,63,0.8462035059928894,23:47:29
mouse,64,0.652927577495575,23:47:29
tv,62,0.6953631639480591,23:47:29
tv,62,0.6443812847137451,23:47:30
laptop,63,0.6928817629814148,23:47:30
mouse,64,0.6120432019233704,23:47:30
laptop,63,0.9370504021644592,23:47:30
mouse,64,0.7244007587432861,23:47:30
person,0,0.6492099761962891,23:47:30
laptop,63,0.9104946851730347,23:47:31
mouse,64,0.7894400954246521,23:47:31
bottle,39,0.6934252381324768,23:47:31
tv,62,0.8066632151603699,23:47:31
mouse,64,0.7024665474891663,23:47:31
laptop,63,0.6315186023712158,23:47:31
mouse,64,0.8906517624855042,23:47:31
laptop,63,0.8062980771064758,23:47:31
laptop,63,0.8029825687408447,23:47:31
mouse,64,0.6924905180931091,23:47:31
mouse,64,0.8317055702209473,23:47:31
tv,62,0.6441420912742615,23:47:31
tv,62,0.6389312744140625,23:47:32
person,0,0.712100625038147,23:47:33
person,0,0.7945309281349182,23:47:33
person,0,0.8458971381187439,23:47:33
cat,15,0.6452274322509766,23:47:33
bottle,39,0.7893196940422058,23:47:34
laptop,63,0.7205326557159424,23:47:34
laptop,63,0.6144529581069946,23:47:35
bottle,39,0.6733086705207825,23:47:36
bottle,39,0.668720006942749,23:47:38
tv,62,0.6562437415122986,23:47:40
cell phone,67,0.609422504901886,23:47:41
laptop,63,0.7245105504989624,23:47:41
cell phone,67,0.7752951979637146,23:47:41
mouse,64,0.7079877257347107,23:47:41
laptop,63,0.835536539554596,23:47:41
bowl,45,0.6822844743728638,23:47:41
tv,62,0.6409727931022644,23:47:41
mouse,64,0.6141857504844666,23:47:42
tv,62,0.6061816811561584,23:47:42
laptop,63,0.9458872675895691,23:47:42
mouse,64,0.7504366040229797,23:47:42
laptop,63,0.9301157593727112,23:47:42
mouse,64,0.7976353168487549,23:47:42
mouse,64,0.7474831342697144,23:47:42
mouse,64,0.8044596314430237,23:47:42
tv,62,0.741740882396698,23:47:42
tv,62,0.8694239258766174,23:47:42
tv,62,0.8229691982269287,23:47:42
mouse,64,0.6261544227600098,23:47:42
mouse,64,0.7177991271018982,23:47:42
mouse,64,0.775198757648468,23:47:43
tv,62,0.7071731090545654,23:47:43
book,73,0.6789439916610718,23:47:43
remote,65,0.6125691533088684,23:47:44
laptop,63,0.8562785983085632,23:47:46
laptop,63,0.6760167479515076,23:47:47
person,0,0.6678820848464966,23:47:47
tv,62,0.6282373666763306,23:47:47
laptop,63,0.7592520117759705,23:47:47
laptop,63,0.8385299444198608,23:48:12
laptop,63,0.7775658369064331,23:48:13
laptop,63,0.8869044780731201,23:48:13
laptop,63,0.9140228033065796,23:48:13
laptop,63,0.9207320213317871,23:48:14
bottle,39,0.7277544140815735,23:48:14
laptop,63,0.8741891384124756,23:48:14
bottle,39,0.7357009053230286,23:48:14
bottle,39,0.6514875888824463,23:48:14
laptop,63,0.8539924621582031,23:48:14
laptop,63,0.8331712484359741,23:48:14
laptop,63,0.9125190377235413,23:48:14
laptop,63,0.867705225944519,23:48:15
laptop,63,0.7791441082954407,23:48:15
bottle,39,0.760938286781311,23:48:15
remote,65,0.656562328338623,23:48:15
remote,65,0.6122698187828064,23:48:15
remote,65,0.7080280184745789,23:48:15
remote,65,0.7256674766540527,23:48:16
remote,65,0.7656792998313904,23:48:16
keyboard,66,0.8451579213142395,23:48:17
chair,56,0.8044744729995728,23:48:17
keyboard,66,0.7782523036003113,23:48:17
person,0,0.7222487926483154,23:48:17
person,0,0.6126686930656433,23:48:18
person,0,0.8353118896484375,23:48:18
remote,65,0.799135684967041,23:48:22
remote,65,0.6440398693084717,23:48:23
bottle,39,0.8291766047477722,23:48:23
bottle,39,0.7803049087524414,23:48:23
bottle,39,0.814920961856842,23:48:23
bottle,39,0.7170103192329407,23:48:23
bottle,39,0.6986739635467529,23:48:24
bottle,39,0.6707928776741028,23:48:24
bottle,39,0.6629894971847534,23:48:24
bottle,39,0.6142565608024597,23:48:24
laptop,63,0.8294125199317932,23:48:24
bottle,39,0.6693191528320312,23:48:24
bottle,39,0.6035732626914978,23:48:24
bottle,39,0.8070619702339172,23:48:24
remote,65,0.6696690320968628,23:48:24
bottle,39,0.7901321053504944,23:48:25
bottle,39,0.6986895799636841,23:48:25
laptop,63,0.7246733903884888,23:48:25
bottle,39,0.6931893825531006,23:48:25
bottle,39,0.689160168170929,23:48:25
bottle,39,0.7560098171234131,23:48:25
bottle,39,0.7369028329849243,23:48:25
remote,65,0.6287472248077393,23:48:25
remote,65,0.7265622615814209,23:48:25
bottle,39,0.7733416557312012,23:48:25
bottle,39,0.6978630423545837,23:48:25
remote,65,0.6705186367034912,23:48:25
bottle,39,0.8482716679573059,23:48:25
bottle,39,0.8188902139663696,23:48:25
remote,65,0.7321495413780212,23:48:25
bottle,39,0.6788868308067322,23:48:26
bottle,39,0.761730432510376,23:48:26
tv,62,0.6838526725769043,23:48:26
remote,65,0.6811972856521606,23:48:26
laptop,63,0.8315660357475281,23:48:26
laptop,63,0.8956741094589233,23:48:26
laptop,63,0.8481248617172241,23:48:27
laptop,63,0.8905051946640015,23:48:27
laptop,63,0.9036961197853088,23:48:27
remote,65,0.7729105949401855,23:48:28
bottle,39,0.7888880372047424,23:48:29
bottle,39,0.8079899549484253,23:48:29
bottle,39,0.7741990685462952,23:48:29
bottle,39,0.7855594754219055,23:48:30
bottle,39,0.8373780250549316,23:48:30
bottle,39,0.8166918754577637,23:48:30
bottle,39,0.8029597997665405,23:48:30
bottle,39,0.7636253833770752,23:48:30
bottle,39,0.7578436732292175,23:48:31
bottle,39,0.7290725708007812,23:48:31
laptop,63,0.8637949228286743,23:48:32
mouse,64,0.7058870792388916,23:48:32
mouse,64,0.6144537329673767,23:48:32
mouse,64,0.8872690200805664,23:48:33
laptop,63,0.8255412578582764,23:48:35
laptop,63,0.687080442905426,23:48:35
laptop,63,0.7547982931137085,23:48:35
laptop,63,0.681050717830658,23:48:35
laptop,63,0.7987833619117737,23:48:36
laptop,63,0.8011932373046875,23:48:36
laptop,63,0.7598758339881897,23:48:37
remote,65,0.7172372937202454,23:48:38
bottle,39,0.7079387307167053,23:48:39
remote,65,0.6877024173736572,23:48:39
bottle,39,0.6075536012649536,23:48:39
person,0,0.7459940314292908,23:48:39
person,0,0.7883228659629822,23:48:39
bottle,39,0.6095531582832336,23:48:39
bottle,39,0.7092615962028503,23:48:40
bottle,39,0.7746899724006653,23:48:40
person,0,0.655273973941803,23:48:40
bottle,39,0.6196685433387756,23:48:40
bottle,39,0.7268879413604736,23:48:40
bottle,39,0.696870744228363,23:48:40
person,0,0.6780204176902771,23:48:40
bottle,39,0.8641662001609802,23:48:40
bottle,39,0.7211199402809143,23:48:40
person,0,0.6961807012557983,23:48:40
bottle,39,0.7121372818946838,23:48:40
bottle,39,0.6713485717773438,23:48:40
person,0,0.623903751373291,23:48:40
bottle,39,0.8607353568077087,23:48:40
bottle,39,0.6585832834243774,23:48:40
person,0,0.6035670042037964,23:48:40
person,0,0.610919713973999,23:48:41
sink,71,0.8021444082260132,23:48:42
chair,56,0.8479926586151123,23:48:42
person,0,0.7434785962104797,23:48:42
chair,56,0.7397269606590271,23:48:42
person,0,0.653562068939209,23:48:42
person,0,0.8927574753761292,23:48:43
person,0,0.8458783030509949,23:48:43
person,0,0.8843321204185486,23:48:43
person,0,0.8835846781730652,23:48:43
person,0,0.892149031162262,23:48:43
person,0,0.6173675656318665,23:48:43
person,0,0.6192936897277832,23:48:44
person,0,0.6004287600517273,23:48:44
chair,56,0.7043623328208923,23:48:45
chair,56,0.609128475189209,23:48:45
chair,56,0.6346598863601685,23:48:46
chair,56,0.7366282939910889,23:48:46
keyboard,66,0.8786816596984863,23:48:46
keyboard,66,0.8607359528541565,23:48:47
person,0,0.6241806149482727,23:48:47
keyboard,66,0.7890835404396057,23:48:47
remote,65,0.7701225876808167,23:48:48
keyboard,66,0.7009215354919434,23:48:48
person,0,0.7798307538032532,23:49:21
person,0,0.8543384075164795,23:49:21
person,0,0.7976545095443726,23:49:22
person,0,0.6706249713897705,23:49:22
person,0,0.6966785788536072,23:49:22
person,0,0.6026819348335266,23:49:22
person,0,0.6777777075767517,23:49:22
person,0,0.7304990291595459,23:49:23
person,0,0.7046099901199341,23:49:23
person,0,0.8136643767356873,23:49:23
person,0,0.686590850353241,23:49:23
person,0,0.776228129863739,23:49:23
person,0,0.680686354637146,23:49:23
person,0,0.8488554954528809,23:49:24
person,0,0.7184186577796936,23:49:24
person,0,0.806450605392456,23:49:24
person,0,0.6844286322593689,23:49:24
person,0,0.740708589553833,23:49:24
person,0,0.7166514992713928,23:49:24
laptop,63,0.8751802444458008,23:49:25
bottle,39,0.613793134689331,23:49:25
laptop,63,0.7910521626472473,23:49:25
bottle,39,0.7054455280303955,23:49:25
laptop,63,0.8128136396408081,23:49:25
laptop,63,0.8210288882255554,23:49:25
remote,65,0.6499560475349426,23:49:25
tv,62,0.6045418381690979,23:49:25
laptop,63,0.6907851696014404,23:49:25
bottle,39,0.6724001169204712,23:49:25
bottle,39,0.7101079225540161,23:49:27
bottle,39,0.7732172608375549,23:49:27
bottle,39,0.6431608200073242,23:49:27
laptop,63,0.8738280534744263,23:49:28
laptop,63,0.8179760575294495,23:49:28
laptop,63,0.7713766098022461,23:49:28
tv,62,0.8098827004432678,23:49:28
laptop,63,0.6391657590866089,23:49:29
tv,62,0.6154563426971436,23:49:29
laptop,63,0.6135064959526062,23:49:30
laptop,63,0.8297067284584045,23:49:30
laptop,63,0.8515436053276062,23:49:30
laptop,63,0.8938038349151611,23:49:31
mouse,64,0.625507652759552,23:49:31
mouse,64,0.8064340353012085,23:49:32
cell phone,67,0.6173871755599976,23:49:32
mouse,64,0.7942296862602234,23:49:32
mouse,64,0.7904137969017029,23:49:32
mouse,64,0.6438376307487488,23:49:33
laptop,63,0.7268883585929871,23:49:33
cell phone,67,0.8786025643348694,23:49:33
mouse,64,0.8320885300636292,23:49:33
mouse,64,0.6822693347930908,23:49:34
mouse,64,0.6839213967323303,23:49:34
laptop,63,0.7149850726127625,23:49:36
laptop,63,0.8059007525444031,23:49:36
laptop,63,0.8309590220451355,23:49:36
mouse,64,0.6010087728500366,23:49:36
laptop,63,0.7781980633735657,23:49:36
laptop,63,0.7416321635246277,23:49:36
laptop,63,0.626766562461853,23:49:37
laptop,63,0.7019822001457214,23:49:37
tv,62,0.7052762508392334,23:49:37
bottle,39,0.8173249363899231,23:49:37
bottle,39,0.8559601306915283,23:49:38
bottle,39,0.6004707217216492,23:49:38
bottle,39,0.8666300773620605,23:49:38
bottle,39,0.6180076003074646,23:49:38
bottle,39,0.6054883599281311,23:49:38
refrigerator,72,0.7259722352027893,23:49:38
bottle,39,0.6052368879318237,23:49:38
bottle,39,0.6572838425636292,23:49:38
bottle,39,0.650845468044281,23:49:38
laptop,63,0.7355089783668518,23:49:41
laptop,63,0.7595034837722778,23:49:42
laptop,63,0.8595537543296814,23:49:42
laptop,63,0.751668393611908,23:49:42
laptop,63,0.7927044630050659,23:49:42
bottle,39,0.8201942443847656,23:49:43
bottle,39,0.6890150308609009,23:49:43
bottle,39,0.8342714905738831,23:49:43
bottle,39,0.8197801113128662,23:49:43
bottle,39,0.6204349398612976,23:49:44
bottle,39,0.7769275307655334,23:49:44
bottle,39,0.800026535987854,23:49:44
bottle,39,0.724850594997406,23:49:44
laptop,63,0.6173731684684753,23:49:44
laptop,63,0.6659472584724426,23:49:44
bottle,39,0.6656458973884583,23:49:44
laptop,63,0.7091493606567383,23:49:45
bottle,39,0.8230107426643372,23:49:45
laptop,63,0.6629292964935303,23:49:45
bottle,39,0.6734767556190491,23:49:45
bottle,39,0.8455646634101868,23:49:45
bottle,39,0.6920427083969116,23:49:45
bottle,39,0.6430795192718506,23:49:46
person,0,0.7848813533782959,23:49:47
person,0,0.8348814845085144,23:49:47
person,0,0.8608496785163879,23:49:47
person,0,0.8317639231681824,23:49:47
person,0,0.6399158239364624,23:49:47
person,0,0.732662558555603,23:49:47
vase,75,0.6189715266227722,23:49:48
person,0,0.6319140195846558,23:49:48
person,0,0.6555418372154236,23:49:48
tv,62,0.6125780344009399,23:49:48
person,0,0.8014573454856873,23:49:48
person,0,0.7587120532989502,23:49:48
laptop,63,0.7214060425758362,23:49:48
person,0,0.8104239106178284,23:49:48
person,0,0.7660054564476013,23:49:48
person,0,0.7881653904914856,23:49:48
person,0,0.6034505367279053,23:49:48
cup,41,0.6123392581939697,23:49:49
remote,65,0.6882535219192505,23:49:50
toilet,61,0.766649603843689,23:49:52
person,0,0.6713339686393738,23:49:52
laptop,63,0.8230418562889099,23:49:53
refrigerator,72,0.6310491561889648,23:49:55
person,0,0.6027772426605225,23:50:00
laptop,63,0.7181669473648071,23:50:03
bottle,39,0.6671353578567505,23:50:03
bottle,39,0.6242579817771912,23:50:03
remote,65,0.6613598465919495,23:50:03
laptop,63,0.8217499256134033,23:50:04
bottle,39,0.737665057182312,23:50:04
laptop,63,0.723041832447052,23:50:04
laptop,63,0.7479731440544128,23:50:04
mouse,64,0.6319178342819214,23:50:04
bottle,39,0.7201006412506104,23:50:05
tv,62,0.697573184967041,23:50:05
bottle,39,0.769057035446167,23:50:05
bottle,39,0.769838273525238,23:50:06
bottle,39,0.8188342452049255,23:50:06
laptop,63,0.8143977522850037,23:50:06
bottle,39,0.6435695290565491,23:50:06
laptop,63,0.8195228576660156,23:50:06
bottle,39,0.7564834356307983,23:50:06
laptop,63,0.7975592613220215,23:50:06
bottle,39,0.6447969675064087,23:50:06
laptop,63,0.785182774066925,23:50:06
bottle,39,0.7374193072319031,23:50:06
bottle,39,0.7219646573066711,23:50:06
laptop,63,0.6726528406143188,23:50:06
bottle,39,0.7949447631835938,23:50:07
bottle,39,0.7361898422241211,23:50:07
tv,62,0.6109439730644226,23:50:07
bottle,39,0.6069685816764832,23:50:07
mouse,64,0.8956354856491089,23:50:07
bottle,39,0.7931009531021118,23:50:07
laptop,63,0.642668604850769,23:50:07
mouse,64,0.710658073425293,23:50:07
bottle,39,0.6890167593955994,23:50:07
bowl,45,0.6070048809051514,23:50:08
cell phone,67,0.7185062766075134,23:50:08
cell phone,67,0.6615628600120544,23:50:09
bottle,39,0.7510438561439514,23:50:10
bottle,39,0.7823652625083923,23:50:10
laptop,63,0.7039964199066162,23:50:10
bottle,39,0.6643800735473633,23:50:10
mouse,64,0.8743841648101807,23:50:10
bottle,39,0.6807782053947449,23:50:10
mouse,64,0.8801523447036743,23:50:11
bottle,39,0.6782012581825256,23:50:11
bottle,39,0.6316108703613281,23:50:11
mouse,64,0.7225077748298645,23:50:11
bottle,39,0.6673918962478638,23:50:11
bottle,39,0.6399322152137756,23:50:11
laptop,63,0.6323467493057251,23:50:11
bottle,39,0.6426332592964172,23:50:12
bottle,39,0.7570386528968811,23:50:12
mouse,64,0.7241692543029785,23:50:12
bottle,39,0.6055070757865906,23:50:12
mouse,64,0.6552236080169678,23:50:12
laptop,63,0.7182480096817017,23:50:12
mouse,64,0.6933940649032593,23:50:12
mouse,64,0.6298010349273682,23:50:12
laptop,63,0.6071831583976746,23:50:12
bottle,39,0.8091120719909668,23:50:13
bottle,39,0.6202823519706726,23:50:13
laptop,63,0.6097147464752197,23:50:13
mouse,64,0.76120924949646,23:50:13
bottle,39,0.606646716594696,23:50:13
laptop,63,0.7408881187438965,23:50:13
laptop,63,0.7219792604446411,23:50:13
mouse,64,0.8601824641227722,23:50:13
laptop,63,0.7160319685935974,23:50:13
bottle,39,0.7889471054077148,23:50:13
bottle,39,0.6027206778526306,23:50:13
mouse,64,0.6381099820137024,23:50:13
tv,62,0.6020185947418213,23:50:13
bottle,39,0.7677547931671143,23:50:14
bottle,39,0.835546612739563,23:50:14
bottle,39,0.604244589805603,23:50:14
mouse,64,0.6307845115661621,23:50:15
bowl,45,0.6565359234809875,23:50:16
mouse,64,0.6173714399337769,23:50:16
mouse,64,0.9009693264961243,23:50:16
mouse,64,0.6171475648880005,23:50:17
mouse,64,0.6989181637763977,23:50:18
mouse,64,0.7473066449165344,23:50:18
mouse,64,0.8411182761192322,23:50:18
mouse,64,0.8765364289283752,23:50:18
mouse,64,0.7556166052818298,23:50:18
mouse,64,0.8279163837432861,23:50:19
laptop,63,0.7553556561470032,23:50:23
laptop,63,0.6474630832672119,23:50:23
laptop,63,0.8958965539932251,23:50:23
laptop,63,0.6817706823348999,23:50:24
laptop,63,0.7320529818534851,23:50:24
laptop,63,0.8766841888427734,23:50:24
laptop,63,0.8628795742988586,23:50:24
cup,41,0.6068175435066223,23:50:25
laptop,63,0.6858015656471252,23:50:25
tv,62,0.632000207901001,23:50:25
mouse,64,0.7067197561264038,23:50:27
mouse,64,0.6206901669502258,23:50:28
mouse,64,0.8011540174484253,23:50:29
book,73,0.6151154041290283,23:50:29
book,73,0.6767882704734802,23:50:29
book,73,0.7933651804924011,23:50:29
remote,65,0.6342077851295471,23:50:29
remote,65,0.8290099501609802,23:50:30
book,73,0.76097571849823,23:50:30
remote,65,0.6725736856460571,23:50:30
remote,65,0.6634382009506226,23:50:30
remote,65,0.617415726184845,23:50:30
keyboard,66,0.738670825958252,23:50:31
keyboard,66,0.8910403251647949,23:50:31
keyboard,66,0.9367052912712097,23:50:31
keyboard,66,0.9325995445251465,23:50:31
keyboard,66,0.8197451829910278,23:50:31
keyboard,66,0.7494358420372009,23:50:32
keyboard,66,0.8625626564025879,23:50:32
keyboard,66,0.9389902353286743,23:50:32
keyboard,66,0.6379339098930359,23:50:32
person,0,0.6021643280982971,23:50:32
laptop,63,0.7945322394371033,23:50:33
laptop,63,0.7914548516273499,23:50:33
laptop,63,0.8311863541603088,23:50:33
person,0,0.7880838513374329,23:50:33
chair,56,0.7525663375854492,23:50:33
laptop,63,0.714627206325531,23:50:33
laptop,63,0.6986793279647827,23:50:34
chair,56,0.6045519709587097,23:50:34
tv,62,0.6159607768058777,23:50:35
tv,62,0.6299482583999634,23:50:35
cat,15,0.61957848072052,23:50:36
laptop,63,0.7160890698432922,23:50:37
laptop,63,0.7043876051902771,23:51:06
laptop,63,0.6966721415519714,23:51:08
bottle,39,0.6403712034225464,23:51:08
bottle,39,0.6127755641937256,23:51:08
mouse,64,0.606283962726593,23:51:08
laptop,63,0.7769328355789185,23:51:09
mouse,64,0.6390617489814758,23:51:09
laptop,63,0.8891826868057251,23:51:09
laptop,63,0.6661666631698608,23:51:09
mouse,64,0.6482446789741516,23:51:09
laptop,63,0.6513566970825195,23:51:10
mouse,64,0.6651461720466614,23:51:11
mouse,64,0.8709380626678467,23:51:11
tv,62,0.622500479221344,23:51:11
mouse,64,0.6976739168167114,23:51:12
remote,65,0.6684951782226562,23:51:13
remote,65,0.6637613773345947,23:51:13
remote,65,0.7428831458091736,23:51:13
person,0,0.687020480632782,23:51:15
person,0,0.7669428586959839,23:51:16
person,0,0.6347388029098511,23:51:16
person,0,0.7300441861152649,23:51:16
person,0,0.6256802678108215,23:51:16
person,0,0.7879008054733276,23:51:16
person,0,0.7374573945999146,23:51:17
remote,65,0.7559292316436768,23:51:18
remote,65,0.7299480438232422,23:51:18
laptop,63,0.7734273672103882,23:51:19
laptop,63,0.6684335470199585,23:51:19
laptop,63,0.8653796911239624,23:51:19
laptop,63,0.8656044006347656,23:51:20
laptop,63,0.8958190083503723,23:51:20
mouse,64,0.8982821702957153,23:51:20
laptop,63,0.7664461731910706,23:51:20
laptop,63,0.7026718258857727,23:51:20
laptop,63,0.815639853477478,23:51:21
laptop,63,0.6312516927719116,23:51:21
tv,62,0.6358464360237122,23:51:21
laptop,63,0.9218124747276306,23:51:22
book,73,0.6431342959403992,23:51:23
keyboard,66,0.6337907314300537,23:51:23
laptop,63,0.7249653339385986,23:51:25
mouse,64,0.7366020083427429,23:51:25
mouse,64,0.6240379214286804,23:51:25
remote,65,0.6127042174339294,23:51:27
book,73,0.6129882335662842,23:51:27
laptop,63,0.8568306565284729,23:51:27
laptop,63,0.866860568523407,23:51:27
laptop,63,0.7957469820976257,23:51:27
bottle,39,0.6177571415901184,23:51:28
remote,65,0.6854169368743896,23:51:28
laptop,63,0.6479575634002686,23:51:30
remote,65,0.6845383048057556,23:51:31
remote,65,0.6819407343864441,23:51:31
remote,65,0.6753501296043396,23:51:32
laptop,63,0.7048797607421875,23:51:36
laptop,63,0.6049142479896545,23:51:37
remote,65,0.6143929362297058,23:51:39
tv,62,0.6656786203384399,23:51:41
laptop,63,0.8737784624099731,23:51:41
laptop,63,0.9449118375778198,23:51:42
laptop,63,0.8686767220497131,23:51:42
laptop,63,0.9521583914756775,23:51:42
laptop,63,0.8628131747245789,23:51:42
mouse,64,0.7238575220108032,23:51:42
person,0,0.7059594988822937,23:51:43
person,0,0.6251118183135986,23:51:44
person,0,0.7137724161148071,23:51:44
person,0,0.7036027312278748,23:51:44
person,0,0.7690014839172363,23:51:44
person,0,0.6672289967536926,23:51:45
person,0,0.6181192994117737,23:51:45
person,0,0.8911089301109314,23:51:45
laptop,63,0.7918142676353455,23:51:45
person,0,0.6228951215744019,23:51:45
person,0,0.8756335377693176,23:51:45
person,0,0.6036754250526428,23:51:45
person,0,0.8765235543251038,23:51:45
laptop,63,0.7348296046257019,23:51:45
person,0,0.8771505355834961,23:51:45
laptop,63,0.7795804142951965,23:51:45
person,0,0.6575238704681396,23:51:45
person,0,0.8472822904586792,23:51:45
person,0,0.6168454885482788,23:51:45
person,0,0.8402084708213806,23:51:45
laptop,63,0.6922075152397156,23:51:47
laptop,63,0.7221039533615112,23:51:47
bottle,39,0.7343181371688843,23:51:48
bottle,39,0.7665661573410034,23:51:48
mouse,64,0.7382181882858276,23:51:48
laptop,63,0.6783100962638855,23:51:48
tv,62,0.6186056137084961,23:51:49
laptop,63,0.7250798344612122,23:51:49
laptop,63,0.6260009407997131,23:51:49
tv,62,0.7151553630828857,23:51:49
laptop,63,0.7630112171173096,23:51:49
mouse,64,0.720842719078064,23:51:49
laptop,63,0.7452582120895386,23:51:50
cup,41,0.6170042157173157,23:51:50
person,0,0.7260690331459045,23:51:51
person,0,0.7670195698738098,23:51:52
person,0,0.9072014689445496,23:51:52
person,0,0.9005987048149109,23:51:52
person,0,0.7300199270248413,23:51:52
person,0,0.8762655258178711,23:51:52
person,0,0.8568698167800903,23:51:53
person,0,0.9120652675628662,23:51:53
person,0,0.6319001913070679,23:51:55
person,0,0.6371118426322937,23:51:55
person,0,0.7547553777694702,23:51:55
person,0,0.8198662996292114,23:51:56
person,0,0.6744714379310608,23:51:56
person,0,0.6454982161521912,23:51:56
person,0,0.7141393423080444,23:51:57
person,0,0.6427180171012878,23:51:57
person,0,0.8263600468635559,23:51:57
person,0,0.7991417050361633,23:51:57
person,0,0.870381236076355,23:51:57
person,0,0.707726001739502,23:51:58
person,0,0.7794009447097778,23:51:58
person,0,0.7198073863983154,23:51:58
book,73,0.6441152095794678,23:51:59
bottle,39,0.7917361855506897,23:51:59
laptop,63,0.6956265568733215,23:51:59
mouse,64,0.7217217087745667,23:52:00
laptop,63,0.7120458483695984,23:52:00
mouse,64,0.8074751496315002,23:52:00
laptop,63,0.8597230911254883,23:52:00
mouse,64,0.7319366931915283,23:52:00
laptop,63,0.6861145496368408,23:52:00
mouse,64,0.6989882588386536,23:52:00
laptop,63,0.6671645641326904,23:52:00
mouse,64,0.7375050783157349,23:52:00
laptop,63,0.6628085374832153,23:52:00
bottle,39,0.7613105177879333,23:52:01
umbrella,25,0.600911021232605,23:52:01
bottle,39,0.8335244059562683,23:52:01
refrigerator,72,0.6536908149719238,23:52:01
bottle,39,0.7509628534317017,23:52:01
bottle,39,0.7547788619995117,23:52:02
bottle,39,0.8460415005683899,23:52:02
bottle,39,0.6885475516319275,23:52:02
bottle,39,0.756317675113678,23:52:02
laptop,63,0.7835327386856079,23:52:03
laptop,63,0.7882455587387085,23:52:03
laptop,63,0.6696522831916809,23:52:04
laptop,63,0.8409693837165833,23:52:04
chair,56,0.7313058376312256,23:52:05
laptop,63,0.6307026743888855,23:52:05
chair,56,0.6044393181800842,23:52:05
laptop,63,0.6136054396629333,23:52:05
chair,56,0.7727399468421936,23:52:05
laptop,63,0.7691795229911804,23:52:05
laptop,63,0.7687837481498718,23:52:06
laptop,63,0.6750330924987793,23:52:06
laptop,63,0.6874548196792603,23:52:06
laptop,63,0.6144797205924988,23:52:06
laptop,63,0.7031951546669006,23:52:07
laptop,63,0.7694982290267944,23:52:07
laptop,63,0.8315533399581909,23:52:07
laptop,63,0.6971175670623779,23:52:07
laptop,63,0.6863149404525757,23:52:07
laptop,63,0.6678276062011719,23:52:08
laptop,63,0.7653658986091614,23:52:08
laptop,63,0.6606488823890686,23:52:09
bottle,39,0.7432087659835815,23:53:05
laptop,63,0.8216860890388489,23:53:06
laptop,63,0.8112186193466187,23:53:06
person,0,0.7403170466423035,23:53:09
person,0,0.7136056423187256,23:53:09
chair,56,0.7410986423492432,23:53:09
person,0,0.6311557292938232,23:53:09
person,0,0.7547197937965393,23:53:10
person,0,0.7123157978057861,23:53:10
person,0,0.774446964263916,23:53:10
person,0,0.846983015537262,23:53:10
person,0,0.806286096572876,23:53:10
person,0,0.8652152419090271,23:53:11
person,0,0.7530891299247742,23:53:11
person,0,0.7435866594314575,23:53:11
person,0,0.8629839420318604,23:53:11
person,0,0.6540511846542358,23:53:11
person,0,0.6399837732315063,23:53:11
person,0,0.7018306851387024,23:53:12
mouse,64,0.7512062191963196,23:53:13
laptop,63,0.680633008480072,23:53:13
laptop,63,0.7337779998779297,23:53:13
chair,56,0.8186813592910767,23:53:15
chair,56,0.8501980900764465,23:53:15
chair,56,0.8195014595985413,23:53:15
person,0,0.6699385643005371,23:53:15
person,0,0.6707245707511902,23:53:15
chair,56,0.6240346431732178,23:53:15
person,0,0.6183847188949585,23:53:15
person,0,0.6754747629165649,23:53:16
person,0,0.8282597661018372,23:53:16
person,0,0.8642300367355347,23:53:16
person,0,0.7855918407440186,23:53:16
person,0,0.8418067693710327,23:53:16
person,0,0.8036115169525146,23:53:16
person,0,0.8690381646156311,23:53:17
person,0,0.8569186329841614,23:53:17
person,0,0.8156366348266602,23:53:17
person,0,0.7705296874046326,23:53:17
person,0,0.7110594511032104,23:53:17
person,0,0.744426429271698,23:53:17
person,0,0.611129105091095,23:53:17
person,0,0.8527694940567017,23:53:18
person,0,0.7959086894989014,23:53:18
chair,56,0.6154347062110901,23:53:18
person,0,0.8540351390838623,23:53:18
chair,56,0.7914226055145264,23:53:18
person,0,0.6314401626586914,23:53:18
person,0,0.7862278819084167,23:53:18
chair,56,0.6744019389152527,23:53:18
person,0,0.604780375957489,23:53:18
person,0,0.6691789627075195,23:53:18
person,0,0.6108769178390503,23:53:18
person,0,0.6391738057136536,23:53:18
person,0,0.7684754133224487,23:53:18
person,0,0.666308581829071,23:53:18
person,0,0.7828831672668457,23:53:18
person,0,0.7125458121299744,23:53:18
chair,56,0.6389214396476746,23:53:18
person,0,0.6690182089805603,23:53:19
person,0,0.8009365200996399,23:53:19
person,0,0.6087455749511719,23:53:19
person,0,0.7236717343330383,23:53:19
person,0,0.6273341178894043,23:53:19
person,0,0.8374278545379639,23:53:19
person,0,0.7805162668228149,23:53:19
person,0,0.7063825130462646,23:53:20
person,0,0.7925265431404114,23:53:20
chair,56,0.6131110787391663,23:53:20
person,0,0.8325186967849731,23:53:20
person,0,0.7802845239639282,23:53:20
chair,56,0.7205781936645508,23:53:20
person,0,0.7150876522064209,23:53:20
person,0,0.6835048198699951,23:53:20
person,0,0.7560544013977051,23:53:20
person,0,0.7589308619499207,23:53:20
person,0,0.8219791054725647,23:53:21
person,0,0.830355167388916,23:53:21
person,0,0.7040738463401794,23:53:21
person,0,0.7861649990081787,23:53:21
person,0,0.7909239530563354,23:53:21
person,0,0.8068917393684387,23:53:21
person,0,0.7831846475601196,23:53:21
person,0,0.8260416984558105,23:53:22
person,0,0.8616192936897278,23:53:22
person,0,0.7885370850563049,23:53:22
person,0,0.6296869516372681,23:53:23
bottle,39,0.6196325421333313,23:53:24
laptop,63,0.7552844882011414,23:53:24
bottle,39,0.6787319779396057,23:53:24
keyboard,66,0.6627668142318726,23:53:25
tv,62,0.7239488959312439,23:53:25
scissors,76,0.7473337054252625,23:53:32
scissors,76,0.6431350111961365,23:53:32
mouse,64,0.6975814700126648,23:53:36
mouse,64,0.6945682168006897,23:53:37
mouse,64,0.8432402610778809,23:53:38
laptop,63,0.6560494899749756,23:53:38
laptop,63,0.6069397926330566,23:53:40
laptop,63,0.8141633868217468,23:53:41
mouse,64,0.6386507749557495,23:53:41
laptop,63,0.6925729513168335,23:53:41
laptop,63,0.7509977221488953,23:53:43
laptop,63,0.7590348720550537,23:53:44
laptop,63,0.7976679801940918,23:53:44
laptop,63,0.8748000264167786,23:53:44
laptop,63,0.6099081039428711,23:53:45
tv,62,0.6563171744346619,23:53:45
laptop,63,0.8134313225746155,23:53:45
laptop,63,0.692320704460144,23:53:45
laptop,63,0.8824660181999207,23:53:46
laptop,63,0.7437899708747864,23:53:46
laptop,63,0.7560087442398071,23:53:46
laptop,63,0.8387812972068787,23:53:46
bottle,39,0.7208582758903503,23:53:47
bottle,39,0.7903580069541931,23:53:48
laptop,63,0.779692530632019,23:53:48
laptop,63,0.7697133421897888,23:53:48
bottle,39,0.6610495448112488,23:53:48
laptop,63,0.757958710193634,23:53:48
bottle,39,0.7778412103652954,23:53:48
laptop,63,0.7378171682357788,23:53:48
laptop,63,0.8133671283721924,23:53:48
bottle,39,0.6895781755447388,23:53:49
bottle,39,0.6513672471046448,23:53:49
laptop,63,0.6437915563583374,23:53:49
laptop,63,0.8454636931419373,23:53:49
bottle,39,0.6029014587402344,23:53:49
laptop,63,0.8078912496566772,23:53:50
laptop,63,0.640958845615387,23:53:51
cell phone,67,0.7008644342422485,23:53:51
mouse,64,0.7428064346313477,23:53:52
laptop,63,0.7615054249763489,23:53:52
mouse,64,0.6771836280822754,23:53:52
cell phone,67,0.8179123997688293,23:53:53
mouse,64,0.7922849059104919,23:53:53
chair,56,0.6439974904060364,23:53:55
chair,56,0.664114236831665,23:53:56
person,0,0.7558405995368958,23:53:56
person,0,0.6804453134536743,23:53:56
person,0,0.7800627946853638,23:53:56
person,0,0.7988801002502441,23:53:57
person,0,0.8082947134971619,23:53:57
person,0,0.8484489321708679,23:53:57
person,0,0.7680339217185974,23:53:57
person,0,0.632307767868042,23:53:58
mouse,64,0.6013272404670715,23:53:59
sink,71,0.6228269338607788,23:53:59
laptop,63,0.6624454855918884,23:54:00
mouse,64,0.6159101724624634,23:54:00
mouse,64,0.6573936343193054,23:54:00
mouse,64,0.8556431531906128,23:54:01
laptop,63,0.8209229111671448,23:54:01
laptop,63,0.7799304127693176,23:54:01
mouse,64,0.7250665426254272,23:54:01
laptop,63,0.8111900687217712,23:54:01
mouse,64,0.6003870368003845,23:54:01
laptop,63,0.6293420195579529,23:54:01
laptop,63,0.7420427799224854,23:54:01
bottle,39,0.82318115234375,23:54:02
laptop,63,0.8017087578773499,23:54:02
laptop,63,0.6910117864608765,23:54:02
laptop,63,0.7827455997467041,23:54:03
bottle,39,0.6340922117233276,23:54:03
book,73,0.6485894322395325,23:54:03
book,73,0.6451972126960754,23:54:04
book,73,0.7636927962303162,23:54:04
mouse,64,0.6806691288948059,23:54:04
mouse,64,0.6572571396827698,23:54:05
laptop,63,0.8735658526420593,23:54:06
laptop,63,0.832563042640686,23:54:06
mouse,64,0.7428439855575562,23:54:06
laptop,63,0.8210798501968384,23:54:06
laptop,63,0.8018048405647278,23:54:06
laptop,63,0.784865140914917,23:54:07
mouse,64,0.6894432902336121,23:54:07
laptop,63,0.6209872961044312,23:54:07
mouse,64,0.6150991320610046,23:54:07
tv,62,0.6483386754989624,23:54:08
laptop,63,0.676058828830719,23:54:08
laptop,63,0.6476823091506958,23:54:08
laptop,63,0.8261302709579468,23:54:09
laptop,63,0.8978217244148254,23:54:09
person,0,0.6211898922920227,23:54:10
laptop,63,0.8207715153694153,23:54:31
bottle,39,0.6105419993400574,23:54:31
laptop,63,0.853818416595459,23:54:31
bottle,39,0.77984619140625,23:54:31
laptop,63,0.8821856379508972,23:54:31
laptop,63,0.8350047469139099,23:54:31
bottle,39,0.6496556997299194,23:54:31
bottle,39,0.6501395106315613,23:54:32
bottle,39,0.6140133142471313,23:54:32
bottle,39,0.6728766560554504,23:54:32
laptop,63,0.9038584232330322,23:54:33
mouse,64,0.7426437139511108,23:54:33
laptop,63,0.9067260026931763,23:54:33
bottle,39,0.8635530471801758,23:54:33
mouse,64,0.7022414207458496,23:54:33
laptop,63,0.820496141910553,23:54:33
bottle,39,0.660530149936676,23:54:33
mouse,64,0.6109076142311096,23:54:33
laptop,63,0.8929782509803772,23:54:33
bottle,39,0.7955027222633362,23:54:33
mouse,64,0.6227513551712036,23:54:33
mouse,64,0.7875338792800903,23:54:34
bottle,39,0.6183314919471741,23:54:34
laptop,63,0.9102227091789246,23:54:34
mouse,64,0.8045725226402283,23:54:34
bottle,39,0.727393388748169,23:54:34
laptop,63,0.9177381992340088,23:54:34
chair,56,0.6329321265220642,23:54:35
person,0,0.7088838815689087,23:54:37
person,0,0.6282832026481628,23:54:38
person,0,0.8599693775177002,23:54:39
person,0,0.6872898936271667,23:54:39
laptop,63,0.7790053486824036,23:54:40
bottle,39,0.6560601592063904,23:54:40
laptop,63,0.7450128793716431,23:54:40
laptop,63,0.6550790667533875,23:54:41
laptop,63,0.6938560605049133,23:54:42
laptop,63,0.7116192579269409,23:54:42
laptop,63,0.6722635626792908,23:54:43
laptop,63,0.7282195091247559,23:54:43
mouse,64,0.7098570466041565,23:54:43
mouse,64,0.7024768590927124,23:54:48
mouse,64,0.6298864483833313,23:54:48
mouse,64,0.8066129088401794,23:54:48
mouse,64,0.743942141532898,23:54:48
mouse,64,0.8574874997138977,23:54:48
mouse,64,0.8756570219993591,23:54:48
mouse,64,0.8439190983772278,23:54:49
mouse,64,0.7879856824874878,23:54:49
mouse,64,0.86008620262146,23:54:49
mouse,64,0.8975110650062561,23:54:49
mouse,64,0.6657208800315857,23:54:49
bed,59,0.7306551337242126,23:55:01
bed,59,0.6392780542373657,23:55:01
bed,59,0.8249348402023315,23:55:01
book,73,0.6025282144546509,23:55:02
book,73,0.7464596033096313,23:55:02
book,73,0.6116757392883301,23:55:02
book,73,0.616452157497406,23:55:03
book,73,0.707722008228302,23:55:04
book,73,0.659172773361206,23:55:04
book,73,0.6301628351211548,23:55:04
book,73,0.7157531976699829,23:55:05
book,73,0.6420387625694275,23:55:05
laptop,63,0.6363852024078369,23:55:09
laptop,63,0.8715822696685791,23:55:09
mouse,64,0.8467336297035217,23:55:09
mouse,64,0.9180697202682495,23:55:09
laptop,63,0.7878947257995605,23:55:09
laptop,63,0.8734995126724243,23:55:09
mouse,64,0.8195937871932983,23:55:09
laptop,63,0.9251189827919006,23:55:09
mouse,64,0.8045511841773987,23:55:09
laptop,63,0.8699901700019836,23:55:10
mouse,64,0.8167006969451904,23:55:10
laptop,63,0.6572719216346741,23:55:10
cell phone,67,0.6332471370697021,23:55:10
laptop,63,0.6096189618110657,23:55:10
laptop,63,0.8060289025306702,23:55:10
laptop,63,0.7824889421463013,23:55:10
laptop,63,0.6602083444595337,23:55:11
laptop,63,0.6808716058731079,23:55:11
laptop,63,0.8282787799835205,23:55:11
laptop,63,0.8034035563468933,23:55:11
laptop,63,0.8141422271728516,23:55:32
laptop,63,0.6885547041893005,23:55:32
laptop,63,0.6442903876304626,23:55:32
mouse,64,0.8208531737327576,23:55:36
laptop,63,0.7813792824745178,23:55:36
bottle,39,0.6537960767745972,23:55:36
laptop,63,0.9356339573860168,23:55:37
mouse,64,0.8843321204185486,23:55:37
bowl,45,0.7014662623405457,23:55:37
mouse,64,0.691478431224823,23:55:37
laptop,63,0.6563459634780884,23:55:37
bowl,45,0.6205319762229919,23:55:37
tv,62,0.7942046523094177,23:55:37
tv,62,0.8083322644233704,23:55:37
tv,62,0.620346188545227,23:55:38
tv,62,0.8121381998062134,23:55:38
cell phone,67,0.6006187796592712,23:55:39
cell phone,67,0.7373413443565369,23:55:39
bowl,45,0.636405348777771,23:55:39
bowl,45,0.6132470369338989,23:55:39
mouse,64,0.6300196647644043,23:55:39
chair,56,0.8845366835594177,23:55:42
chair,56,0.8422176837921143,23:55:42
person,0,0.7134652733802795,23:55:43
person,0,0.7602489590644836,23:55:43
person,0,0.6761571168899536,23:55:43
book,73,0.6172229647636414,23:55:44
laptop,63,0.8726767897605896,23:55:45
laptop,63,0.760205090045929,23:55:45
laptop,63,0.7170249223709106,23:55:45
laptop,63,0.6919452548027039,23:55:45
mouse,64,0.6589446663856506,23:55:45
bottle,39,0.757790744304657,23:55:45
bowl,45,0.6702675223350525,23:55:46
laptop,63,0.6681974530220032,23:55:46
bowl,45,0.6375377178192139,23:55:46
cell phone,67,0.6276775598526001,23:55:46
bowl,45,0.6127197742462158,23:55:47
laptop,63,0.6323180794715881,23:55:47
laptop,63,0.7624436020851135,23:55:48
tv,62,0.7912013530731201,23:55:48
tv,62,0.7117695212364197,23:55:48
laptop,63,0.6326128840446472,23:55:49
laptop,63,0.6942379474639893,23:55:49
bottle,39,0.6289786696434021,23:55:49
mouse,64,0.7249061465263367,23:55:49
laptop,63,0.6635206937789917,23:55:49
bottle,39,0.6902024745941162,23:55:49
laptop,63,0.7551619410514832,23:55:49
bottle,39,0.6120867133140564,23:55:49
person,0,0.7589640021324158,23:55:50
person,0,0.652180552482605,23:55:50
person,0,0.7012783885002136,23:55:50
laptop,63,0.6679220199584961,23:55:51
laptop,63,0.8724668025970459,23:55:51
bottle,39,0.7373082041740417,23:55:51
mouse,64,0.7120042443275452,23:55:51
laptop,63,0.8670124411582947,23:55:52
bottle,39,0.6363282203674316,23:55:52
laptop,63,0.6604259610176086,23:55:52
bottle,39,0.8389739990234375,23:55:53
laptop,63,0.6107584834098816,23:55:53
sink,71,0.6007837653160095,23:55:53
laptop,63,0.6509557962417603,23:55:53
laptop,63,0.8902069330215454,23:55:54
laptop,63,0.6125084161758423,23:55:54
laptop,63,0.814323902130127,23:55:54
laptop,63,0.8632354736328125,23:55:55
laptop,63,0.8159286975860596,23:55:55
suitcase,28,0.6477367281913757,23:55:57
laptop,63,0.6253830790519714,23:55:58
laptop,63,0.7694453001022339,23:56:00
chair,56,0.7032884359359741,23:56:03
person,0,0.6541172862052917,23:56:04
person,0,0.9038994312286377,23:56:04
person,0,0.7465661764144897,23:56:04
mouse,64,0.8258190751075745,23:56:08
cell phone,67,0.7559536695480347,23:56:08
laptop,63,0.7331171631813049,23:56:08
mouse,64,0.7491067051887512,23:56:08
bowl,45,0.6758065223693848,23:56:08
cell phone,67,0.8505451679229736,23:56:08
mouse,64,0.8041672706604004,23:56:08
cell phone,67,0.8089043498039246,23:56:08
cell phone,67,0.7834869027137756,23:56:08
laptop,63,0.8793681859970093,23:56:08
cell phone,67,0.8406639695167542,23:56:08
mouse,64,0.6337006688117981,23:56:08
mouse,64,0.851143479347229,23:56:09
laptop,63,0.7477816939353943,23:56:09
laptop,63,0.8114700317382812,23:56:09
cell phone,67,0.8016611337661743,23:56:09
mouse,64,0.7766725420951843,23:56:09
mouse,64,0.9238486886024475,23:56:10
laptop,63,0.699472963809967,23:56:10
cell phone,67,0.6632359027862549,23:56:10
mouse,64,0.8672211766242981,23:56:10
laptop,63,0.8547025322914124,23:56:10
cell phone,67,0.6590205430984497,23:56:10
laptop,63,0.7477868795394897,23:56:10
bowl,45,0.688749372959137,23:56:10
bowl,45,0.6554872989654541,23:56:10
laptop,63,0.7008524537086487,23:56:14
mouse,64,0.6307629346847534,23:56:14
laptop,63,0.660365879535675,23:56:14
laptop,63,0.8597809672355652,23:56:16
tv,62,0.6590415835380554,23:56:16
laptop,63,0.8221084475517273,23:56:20
book,73,0.6488428115844727,23:56:22
book,73,0.8665853142738342,23:56:22
toilet,61,0.682918906211853,23:56:43
person,0,0.7294654846191406,23:56:45
person,0,0.841479480266571,23:56:45
person,0,0.6790320873260498,23:56:46
person,0,0.6928324103355408,23:56:47
person,0,0.658382773399353,23:56:47
person,0,0.840451180934906,23:56:47
person,0,0.8356934189796448,23:56:47
person,0,0.7982246279716492,23:56:47
person,0,0.7306159734725952,23:56:48
person,0,0.642707347869873,23:56:48
person,0,0.6161040663719177,23:56:48
person,0,0.6370306611061096,23:56:48
person,0,0.611539363861084,23:56:49
person,0,0.7168505191802979,23:57:01
person,0,0.7031248807907104,23:57:01
person,0,0.7959445714950562,23:57:02
person,0,0.6239525079727173,23:57:02
person,0,0.6869155168533325,23:57:03
person,0,0.8042210936546326,23:57:03
person,0,0.7440924048423767,23:57:03
person,0,0.8410645723342896,23:57:03
person,0,0.7324066162109375,23:57:03
person,0,0.648457944393158,23:57:03
person,0,0.851971447467804,23:57:04
person,0,0.8146195411682129,23:57:04
person,0,0.8276738524436951,23:57:04
person,0,0.8739370703697205,23:57:04
person,0,0.8652990460395813,23:57:04
person,0,0.8730836510658264,23:57:04
person,0,0.839766800403595,23:57:05
person,0,0.8022898435592651,23:57:05
person,0,0.7791569828987122,23:57:05
tv,62,0.6627817153930664,23:57:07
laptop,63,0.6871440410614014,23:57:08
mouse,64,0.7867091298103333,23:57:09
mouse,64,0.7320241928100586,23:57:09
bowl,45,0.6824171543121338,23:57:09
cell phone,67,0.6089047789573669,23:57:09
mouse,64,0.6803388595581055,23:57:10
cell phone,67,0.6729026436805725,23:57:10
laptop,63,0.8245086073875427,23:57:11
cell phone,67,0.6919704079627991,23:57:11
mouse,64,0.6404794454574585,23:57:11
mouse,64,0.7768589854240417,23:57:11
mouse,64,0.7574463486671448,23:57:11
laptop,63,0.7163691520690918,23:57:11
cell phone,67,0.6847876906394958,23:57:11
mouse,64,0.8583322167396545,23:57:11
mouse,64,0.7482683658599854,23:57:11
laptop,63,0.7457728981971741,23:57:11
mouse,64,0.8010210394859314,23:57:12
laptop,63,0.7331255078315735,23:57:12
laptop,63,0.8168667554855347,23:57:12
mouse,64,0.7425162196159363,23:57:12
mouse,64,0.7119110822677612,23:57:12
laptop,63,0.8020802736282349,23:57:12
cell phone,67,0.7061526775360107,23:57:12
mouse,64,0.6616526246070862,23:57:12
mouse,64,0.6587557792663574,23:57:12
laptop,63,0.8396446108818054,23:57:12
mouse,64,0.7202345728874207,23:57:12
mouse,64,0.6964126825332642,23:57:12
mouse,64,0.8247878551483154,23:57:12
laptop,63,0.6974661350250244,23:57:12
mouse,64,0.6620137691497803,23:57:12
mouse,64,0.6189531683921814,23:57:12
mouse,64,0.7677339315414429,23:57:13
mouse,64,0.6173325777053833,23:57:13
laptop,63,0.6145705580711365,23:57:14
book,73,0.6062427163124084,23:57:18
laptop,63,0.7951567769050598,23:57:18
mouse,64,0.7353906035423279,23:57:18
laptop,63,0.6418103575706482,23:57:19
bottle,39,0.722114622592926,23:57:20
bottle,39,0.87803715467453,23:57:20
bottle,39,0.6721651554107666,23:57:20
bottle,39,0.6823911666870117,23:57:21
bottle,39,0.6175177693367004,23:57:21
bottle,39,0.6203515529632568,23:57:22
bottle,39,0.6875806450843811,23:57:22
cup,41,0.6398766040802002,23:57:24
laptop,63,0.9118032455444336,23:57:24
bottle,39,0.6260547041893005,23:57:28
bottle,39,0.6350488662719727,23:57:28
bottle,39,0.6400742530822754,23:57:28
person,0,0.779488205909729,23:57:29
bottle,39,0.7305656671524048,23:57:30
bottle,39,0.7416068911552429,23:57:31
laptop,63,0.8013921976089478,23:57:31
laptop,63,0.7698110342025757,23:57:31
mouse,64,0.7303191423416138,23:57:31
laptop,63,0.6671764850616455,23:57:31
bottle,39,0.8396210074424744,23:57:31
mouse,64,0.7548803091049194,23:57:31
laptop,63,0.7101513147354126,23:57:31
mouse,64,0.6369869112968445,23:57:32
cell phone,67,0.8154715299606323,23:57:33
cell phone,67,0.7469812631607056,23:57:34
mouse,64,0.6946742534637451,23:57:34
mouse,64,0.7168359756469727,23:57:35
cell phone,67,0.6139765381813049,23:57:35
cell phone,67,0.7240684628486633,23:57:35
mouse,64,0.6365031003952026,23:57:35
mouse,64,0.8448391556739807,23:57:35
cell phone,67,0.7687919735908508,23:57:35
cell phone,67,0.7650471329689026,23:57:35
mouse,64,0.6023052930831909,23:57:35
cell phone,67,0.7411273121833801,23:57:35
mouse,64,0.7996712327003479,23:57:35
chair,56,0.6536812782287598,23:57:35
mouse,64,0.8695383071899414,23:57:36
cell phone,67,0.7538624405860901,23:57:36
cell phone,67,0.8044948577880859,23:57:36
mouse,64,0.7335430383682251,23:57:37
cell phone,67,0.7092531323432922,23:57:37
mouse,64,0.6179749965667725,23:57:37
mouse,64,0.6410630941390991,23:57:37
mouse,64,0.8033418655395508,23:57:38
cell phone,67,0.7518022656440735,23:57:38
laptop,63,0.8948423266410828,23:57:38
cell phone,67,0.6089783906936646,23:57:38
laptop,63,0.7791890501976013,23:57:38
mouse,64,0.7645304799079895,23:57:38
cell phone,67,0.7385833263397217,23:57:38
cell phone,67,0.8269129991531372,23:57:38
cell phone,67,0.8234484195709229,23:57:38
mouse,64,0.7039791941642761,23:57:38
laptop,63,0.8639821410179138,23:57:38
mouse,64,0.8417851328849792,23:57:38
cell phone,67,0.7430996298789978,23:57:38
laptop,63,0.8795744776725769,23:57:39
cell phone,67,0.786071240901947,23:57:39
laptop,63,0.7160415649414062,23:57:39
mouse,64,0.8009957075119019,23:57:39
cell phone,67,0.6306455731391907,23:57:39
mouse,64,0.7278695106506348,23:57:39
cell phone,67,0.6674572825431824,23:57:39
mouse,64,0.7787436842918396,23:57:39
cell phone,67,0.6405760049819946,23:57:39
mouse,64,0.6034672856330872,23:57:39
mouse,64,0.7767145037651062,23:57:39
cell phone,67,0.7019216418266296,23:57:39
mouse,64,0.6168109774589539,23:57:39
mouse,64,0.7068198919296265,23:57:41
cell phone,67,0.6970653533935547,23:57:41
mouse,64,0.7101198434829712,23:57:41
laptop,63,0.8748322129249573,23:57:44
mouse,64,0.6599159240722656,23:57:44
bottle,39,0.7785317301750183,23:57:48
laptop,63,0.6894503235816956,23:57:48
bottle,39,0.6858578324317932,23:57:48
bottle,39,0.6843115091323853,23:57:48
bottle,39,0.8656373023986816,23:57:49
keyboard,66,0.6835431456565857,23:57:49
laptop,63,0.8203228712081909,23:57:49
bottle,39,0.80128014087677,23:57:49
laptop,63,0.6009207367897034,23:57:49
laptop,63,0.9018296003341675,23:57:49
bottle,39,0.720132052898407,23:57:49
bottle,39,0.712024450302124,23:57:49
laptop,63,0.9016088247299194,23:57:49
bottle,39,0.6950972080230713,23:57:49
bottle,39,0.7344995141029358,23:57:50
laptop,63,0.6281797289848328,23:57:50
laptop,63,0.6144987940788269,23:57:50
bottle,39,0.8630885481834412,23:57:50
mouse,64,0.6084199547767639,23:57:51
bottle,39,0.6894317865371704,23:57:53
bottle,39,0.6556714177131653,23:57:53
bottle,39,0.807682454586029,23:57:53
refrigerator,72,0.6850417256355286,23:58:18
person,0,0.6279965043067932,23:58:27
toothbrush,79,0.6451258063316345,23:58:30
person,0,0.6781669855117798,23:58:31
person,0,0.8178914785385132,23:58:31
person,0,0.7846301198005676,23:58:31
person,0,0.7372565865516663,23:58:31
person,0,0.8162485361099243,23:58:32
person,0,0.8462192416191101,23:58:32
person,0,0.8190967440605164,23:58:32
person,0,0.7403650283813477,23:58:33
person,0,0.7612811326980591,23:58:33
person,0,0.7628798484802246,23:58:33
person,0,0.8126547336578369,23:58:34
person,0,0.8537176251411438,23:58:34
person,0,0.8266035318374634,23:58:34
person,0,0.7848875522613525,23:58:35
person,0,0.7250017523765564,23:58:35
person,0,0.766676127910614,23:58:35
person,0,0.6959986090660095,23:58:35
person,0,0.6267103552818298,23:58:35
person,0,0.7265940308570862,23:58:36
person,0,0.7221891283988953,23:58:37
person,0,0.759620189666748,23:58:37
person,0,0.6235805153846741,23:58:37
person,0,0.6719828248023987,23:58:38
person,0,0.601304829120636,23:58:39
person,0,0.7373657822608948,23:58:39
person,0,0.7916614413261414,23:58:39
person,0,0.6532868146896362,23:58:40
person,0,0.7763422727584839,23:58:40
person,0,0.8105534911155701,23:58:41
person,0,0.6382023096084595,23:58:41
person,0,0.6698519587516785,23:58:43
person,0,0.6429815888404846,23:58:43
person,0,0.7393876314163208,23:58:48
tv,62,0.6108115315437317,23:58:48
person,0,0.8287526965141296,23:58:48
person,0,0.7453276515007019,23:58:48
person,0,0.7860544323921204,23:58:49
person,0,0.7488173842430115,23:58:49
tv,62,0.799941897392273,23:58:49
person,0,0.7804044485092163,23:58:49
person,0,0.7201588749885559,23:58:49
person,0,0.62232506275177,23:58:51
person,0,0.8213816285133362,23:58:53
bed,59,0.6357571482658386,23:58:56
bed,59,0.7003582119941711,23:58:56
chair,56,0.6325802206993103,23:59:22
chair,56,0.7998597025871277,23:59:22
person,0,0.6515268087387085,23:59:22
suitcase,28,0.6381259560585022,23:59:22
person,0,0.9263842701911926,23:59:23
person,0,0.881341278553009,23:59:23
person,0,0.7324258685112,23:59:37
oven,69,0.8230051398277283,23:59:43
bottle,39,0.6269930005073547,23:59:45
bottle,39,0.6355968117713928,23:59:46
laptop,63,0.6581855416297913,23:59:49
toothbrush,79,0.6168864369392395,23:59:50
laptop,63,0.946121335029602,23:59:51
mouse,64,0.7972646355628967,23:59:51
keyboard,66,0.7367790937423706,23:59:52
laptop,63,0.6882513165473938,23:59:52
chair,56,0.6493110656738281,00:00:16
person,0,0.8137632012367249,00:00:17
person,0,0.7432165741920471,00:00:17
person,0,0.7648768424987793,00:00:18
person,0,0.8316029906272888,00:00:18
person,0,0.8450770974159241,00:00:19
person,0,0.8760855197906494,00:00:19
person,0,0.886996328830719,00:00:19
wine glass,40,0.734125554561615,00:00:19
person,0,0.799946665763855,00:00:19
person,0,0.8807719945907593,00:00:20
cup,41,0.6872574090957642,00:00:20
laptop,63,0.8931105732917786,00:00:22
laptop,63,0.8870370388031006,00:00:23
laptop,63,0.717341423034668,00:00:23
keyboard,66,0.6870234608650208,00:00:23
mouse,64,0.7506725788116455,00:00:32
mouse,64,0.6526705622673035,00:00:32
mouse,64,0.6490471959114075,00:00:32
mouse,64,0.8837316632270813,00:00:32
mouse,64,0.8083494901657104,00:00:33
laptop,63,0.7771319150924683,00:00:33
mouse,64,0.8616589307785034,00:00:33
laptop,63,0.8060835003852844,00:00:33
mouse,64,0.6498240232467651,00:00:33
mouse,64,0.8641335964202881,00:00:33
mouse,64,0.8581894636154175,00:00:34
laptop,63,0.7983281016349792,00:00:34
mouse,64,0.915600061416626,00:00:34
laptop,63,0.741003155708313,00:00:34
mouse,64,0.8047363758087158,00:00:35
laptop,63,0.8883448243141174,00:00:35
mouse,64,0.6797212958335876,00:00:35
laptop,63,0.8967564702033997,00:00:35
mouse,64,0.751903235912323,00:00:35
mouse,64,0.854739785194397,00:00:36
laptop,63,0.8489421010017395,00:00:36
laptop,63,0.896045446395874,00:00:36
mouse,64,0.8755074143409729,00:00:36
mouse,64,0.6154562830924988,00:00:36
mouse,64,0.6918601989746094,00:00:36
laptop,63,0.9128516316413879,00:00:36
mouse,64,0.8178596496582031,00:00:36
laptop,63,0.7266784310340881,00:00:37
laptop,63,0.7614812850952148,00:00:39
laptop,63,0.732343852519989,00:00:40
mouse,64,0.6054320931434631,00:00:40
laptop,63,0.7637332677841187,00:00:40
keyboard,66,0.6431984305381775,00:00:40
laptop,63,0.6087014675140381,00:00:40
laptop,63,0.6995908617973328,00:00:41
laptop,63,0.736559271812439,00:00:41
laptop,63,0.8331584930419922,00:00:43
laptop,63,0.6115211248397827,00:00:44
keyboard,66,0.6097703576087952,00:00:44
laptop,63,0.7460328340530396,00:00:44
laptop,63,0.7258543968200684,00:00:44
laptop,63,0.8515350222587585,00:00:45
laptop,63,0.7115381360054016,00:00:46
mouse,64,0.6330634951591492,00:00:46
laptop,63,0.7231178283691406,00:00:47
laptop,63,0.748939037322998,00:00:48
mouse,64,0.7211819291114807,00:00:48
laptop,63,0.7398555278778076,00:00:48
laptop,63,0.7907909750938416,00:00:48
mouse,64,0.6734896302223206,00:00:48
mouse,64,0.8445209264755249,00:00:49
person,0,0.6141611337661743,00:00:50
mouse,64,0.9203894734382629,00:00:52
mouse,64,0.7654592394828796,00:00:52
mouse,64,0.8644137978553772,00:00:52
mouse,64,0.6369826793670654,00:00:52
mouse,64,0.840770959854126,00:00:52
mouse,64,0.6748780608177185,00:00:52
mouse,64,0.8930134177207947,00:00:53
mouse,64,0.8888676762580872,00:00:53
book,73,0.7137171626091003,00:00:53
laptop,63,0.6715828776359558,00:01:01
person,0,0.6363523602485657,00:01:01
bed,59,0.7535715699195862,00:01:21
bed,59,0.7114024758338928,00:01:21
bed,59,0.6420066356658936,00:01:21
bed,59,0.7054964303970337,00:01:22
tv,62,0.7093367576599121,00:01:23
tv,62,0.6530694365501404,00:01:23
tv,62,0.6932534575462341,00:01:24
dog,16,0.613386332988739,00:01:25
bed,59,0.7892808318138123,00:01:27
tv,62,0.7525312304496765,00:01:28
person,0,0.665755569934845,00:01:28
person,0,0.6218063831329346,00:01:30
person,0,0.6321587562561035,00:01:32
person,0,0.6869651079177856,00:01:33
person,0,0.706778883934021,00:01:34
person,0,0.7129061222076416,00:01:34
train,6,0.6398141384124756,00:01:34
bottle,39,0.7654026746749878,00:01:39
laptop,63,0.7279467582702637,00:01:39
bottle,39,0.6091741919517517,00:01:39
tv,62,0.7806813716888428,00:01:39
laptop,63,0.9124767780303955,00:01:40
bottle,39,0.872035026550293,00:01:40
laptop,63,0.8531368374824524,00:01:40
bottle,39,0.645073413848877,00:01:40
person,0,0.6923004984855652,00:01:42
mouse,64,0.7881819605827332,00:01:47
laptop,63,0.6376610994338989,00:01:47
laptop,63,0.6618394255638123,00:01:47
mouse,64,0.8316658139228821,00:01:47
laptop,63,0.8194409608840942,00:01:47
mouse,64,0.7482877373695374,00:01:48
mouse,64,0.8575324416160583,00:01:48
laptop,63,0.8046677112579346,00:01:49
mouse,64,0.7722480893135071,00:01:49
laptop,63,0.6759859323501587,00:01:49
mouse,64,0.6192100644111633,00:01:49
baseball bat,34,0.7011832594871521,00:01:51
baseball glove,35,0.6072224378585815,00:01:51
bottle,39,0.7078554630279541,00:01:51
tv,62,0.6056016087532043,00:01:51
person,0,0.6255010962486267,00:02:09
person,0,0.6100410223007202,00:02:09
chair,56,0.7088016867637634,00:02:15
person,0,0.6011675000190735,00:02:15
dining table,60,0.6237145066261292,00:02:15
person,0,0.7073521614074707,00:02:20
person,0,0.7864558696746826,00:02:20
person,0,0.8007461428642273,00:02:21
person,0,0.8606936931610107,00:02:21
person,0,0.8092393279075623,00:02:21
person,0,0.7318164706230164,00:02:21
laptop,63,0.6118218302726746,00:02:21
person,0,0.8698248863220215,00:02:21
person,0,0.8541856408119202,00:02:21
book,73,0.6172722578048706,00:02:22
mouse,64,0.6277543306350708,00:02:23
sports ball,32,0.6048274636268616,00:02:23
mouse,64,0.6882162094116211,00:02:24
mouse,64,0.8479623794555664,00:02:24
laptop,63,0.716930627822876,00:02:24
mouse,64,0.6768471002578735,00:02:24
bottle,39,0.6047129034996033,00:02:24
bottle,39,0.8158131837844849,00:02:25
laptop,63,0.6961448192596436,00:02:25
laptop,63,0.641287624835968,00:02:25
laptop,63,0.8427903056144714,00:02:26
bottle,39,0.73836350440979,00:02:26
bottle,39,0.6765540242195129,00:02:26
laptop,63,0.8586129546165466,00:02:26
laptop,63,0.6348406672477722,00:02:26
bottle,39,0.6238673329353333,00:02:26
laptop,63,0.8760839700698853,00:02:27
bottle,39,0.8411676287651062,00:02:27
bottle,39,0.6293989419937134,00:02:27
tv,62,0.6167252659797668,00:02:27
laptop,63,0.8929509520530701,00:02:28
mouse,64,0.7097814679145813,00:02:28
bowl,45,0.6298131346702576,00:02:28
mouse,64,0.6881441473960876,00:02:29
mouse,64,0.9076923727989197,00:02:30
bottle,39,0.7851747274398804,00:02:31
laptop,63,0.6658363938331604,00:02:31
bottle,39,0.6635051965713501,00:02:32
laptop,63,0.9207037091255188,00:02:35
cell phone,67,0.6052452325820923,00:02:37
toilet,61,0.6186424493789673,00:02:38
bottle,39,0.6615076661109924,00:02:41
book,73,0.6450142860412598,00:02:41
book,73,0.6503903269767761,00:02:41
laptop,63,0.742692768573761,00:02:45
laptop,63,0.7929224371910095,00:02:45
person,0,0.6860511302947998,00:02:45
mouse,64,0.6145867705345154,00:02:45
mouse,64,0.8283153772354126,00:02:46
laptop,63,0.6427185535430908,00:02:46
mouse,64,0.7192309498786926,00:02:46
mouse,64,0.7602261304855347,00:02:46
mouse,64,0.7234313488006592,00:02:46
laptop,63,0.7203606367111206,00:02:46
person,0,0.6658326983451843,00:02:46
mouse,64,0.6657078862190247,00:02:46
mouse,64,0.826933741569519,00:02:47
laptop,63,0.7703125476837158,00:02:47
person,0,0.668569028377533,00:02:47
mouse,64,0.6720761060714722,00:02:47
person,0,0.6950274109840393,00:02:48
bed,59,0.6170340776443481,00:02:48
person,0,0.6873235702514648,00:02:48
bed,59,0.6242512464523315,00:02:48
person,0,0.7496708631515503,00:02:48
bed,59,0.650606632232666,00:02:48
person,0,0.6640554070472717,00:02:48
bed,59,0.6286196112632751,00:02:48
book,73,0.6572074890136719,00:02:49
tv,62,0.6592463850975037,00:02:53
tv,62,0.637818455696106,00:02:54
mouse,64,0.7246056795120239,00:02:58
laptop,63,0.7146795988082886,00:02:58
laptop,63,0.6737672686576843,00:02:59
mouse,64,0.6241006255149841,00:02:59
mouse,64,0.6694225072860718,00:02:59
laptop,63,0.7539332509040833,00:03:00
mouse,64,0.6021735668182373,00:03:08
mouse,64,0.6126325130462646,00:03:08
cell phone,67,0.7578205466270447,00:03:09
cell phone,67,0.6199511885643005,00:03:09
cell phone,67,0.605303943157196,00:03:09
cell phone,67,0.778222918510437,00:03:10
cell phone,67,0.7447776198387146,00:03:14
person,0,0.640261709690094,18:30:24
person,0,0.9011663794517517,18:30:24
person,0,0.9022946357727051,18:30:24
person,0,0.909815788269043,18:30:25
person,0,0.9150102138519287,18:30:25
person,0,0.904048502445221,18:30:25
person,0,0.9013498425483704,18:30:25
person,0,0.8955765962600708,18:30:26
person,0,0.9031058549880981,18:30:26
person,0,0.8945706486701965,18:30:26
person,0,0.8881687521934509,18:30:26
person,0,0.8724601864814758,18:30:26
person,0,0.7959598898887634,18:30:27
person,0,0.8556641340255737,18:30:27
person,0,0.9004542827606201,19:16:36
person,0,0.9147011637687683,19:16:36
person,0,0.9275057911872864,19:16:36
person,0,0.9187448620796204,19:16:37
person,0,0.9002805352210999,19:54:28
person,0,0.8962152600288391,19:54:28
person,0,0.8967476487159729,19:54:28
person,0,0.8582214117050171,19:54:28
person,0,0.8813030123710632,19:54:29
person,0,0.8938303589820862,19:54:29
person,0,0.8827736973762512,19:54:29
person,0,0.8917680382728577,19:54:29
person,0,0.8832430839538574,19:54:29
person,0,0.8845498561859131,19:54:29
person,0,0.9107911586761475,19:54:30
person,0,0.9138633012771606,19:54:30
person,0,0.9044123291969299,19:54:30
person,0,0.9001068472862244,19:54:30
person,0,0.9140763878822327,19:54:30
person,0,0.8836779594421387,19:56:32
person,0,0.9027802348136902,19:56:32
person,0,0.8947542905807495,19:56:32
person,0,0.8949911594390869,19:56:32
person,0,0.9032463431358337,19:56:33
person,0,0.826048731803894,19:56:33
person,0,0.9278881549835205,19:56:33
cell phone,67,0.6292511820793152,19:56:33
person,0,0.9049302935600281,19:56:33
cell phone,67,0.8698478937149048,19:56:33
person,0,0.9056763648986816,19:56:33
cell phone,67,0.8784714341163635,19:56:33
person,0,0.9014081358909607,19:56:34
cell phone,67,0.8973918557167053,19:56:34
person,0,0.9070727825164795,19:56:34
cell phone,67,0.809968113899231,19:56:34
person,0,0.9135775566101074,19:56:34
cell phone,67,0.8465895652770996,19:56:34
person,0,0.9188916683197021,19:56:34
cell phone,67,0.6024904847145081,19:56:34
person,0,0.8797181844711304,20:35:47
person,0,0.8364182114601135,20:35:47
person,0,0.8422225117683411,20:35:48
person,0,0.8550361394882202,20:35:48
person,0,0.8565609455108643,20:35:48
person,0,0.8509985208511353,20:35:48
person,0,0.858136773109436,20:35:48
person,0,0.8249735832214355,20:35:49
person,0,0.7756468057632446,20:35:49
person,0,0.8968222141265869,20:35:49
person,0,0.865543782711029,20:35:49
person,0,0.8834742903709412,20:35:49
person,0,0.868137538433075,20:35:49
person,0,0.9039595127105713,20:35:50
person,0,0.8598048090934753,20:35:50
person,0,0.8534871935844421,20:35:50
person,0,0.8548290133476257,20:35:50
person,0,0.8865422606468201,20:35:50
person,0,0.7896581292152405,20:35:50
person,0,0.8689399361610413,20:35:51
person,0,0.7785354852676392,20:35:51
person,0,0.8598883152008057,20:35:51
cell phone,67,0.8542904853820801,20:35:51
cell phone,67,0.9006670713424683,20:35:51
person,0,0.8288260102272034,20:35:51
cell phone,67,0.9107455015182495,20:35:51
person,0,0.8220881223678589,20:35:51
cell phone,67,0.8657760620117188,20:35:51
person,0,0.8565171957015991,20:35:51
cell phone,67,0.8624767661094666,20:35:52
person,0,0.8610901236534119,20:35:52
person,0,0.8445473313331604,20:35:52
person,0,0.8629905581474304,20:35:52
cell phone,67,0.8342742919921875,20:35:52
person,0,0.8587943911552429,20:35:52
person,0,0.8405619263648987,20:35:52
person,0,0.8535115122795105,20:35:52
person,0,0.8258894681930542,20:35:53
person,0,0.8571639657020569,20:35:53
person,0,0.8894758224487305,20:35:53
person,0,0.8527104258537292,20:35:53
person,0,0.9036131501197815,20:35:53
person,0,0.861030638217926,20:35:53
person,0,0.8402396440505981,20:35:53
person,0,0.8777393698692322,20:35:54
person,0,0.8788338303565979,20:35:54
person,0,0.8799577951431274,20:35:54
person,0,0.8868867754936218,20:35:54
person,0,0.8381735682487488,20:35:54
person,0,0.8663389086723328,20:36:44
person,0,0.8383130431175232,20:36:45
person,0,0.860449492931366,20:36:45
person,0,0.8512056469917297,20:36:45
person,0,0.8666825294494629,20:36:45
person,0,0.8392171859741211,20:36:45
person,0,0.7298700213432312,20:36:46
person,0,0.7442164421081543,20:36:46
person,0,0.7498721480369568,20:36:46
person,0,0.7661469578742981,20:36:46
person,0,0.6863605380058289,20:36:46
person,0,0.7118035554885864,20:36:46
person,0,0.7786723971366882,20:36:47
person,0,0.7219532132148743,20:36:47
person,0,0.8743516206741333,20:36:47
person,0,0.7755905985832214,20:36:47
person,0,0.7575501203536987,20:36:47
cell phone,67,0.83338463306427,20:36:47
cell phone,67,0.6262569427490234,20:36:48
person,0,0.668059766292572,20:36:48
person,0,0.7083057761192322,20:36:48
person,0,0.6621537804603577,20:36:48
person,0,0.7508856058120728,20:36:48
person,0,0.8202835321426392,20:36:48
person,0,0.8302261233329773,20:36:48
person,0,0.8067527413368225,20:36:49
person,0,0.8673052191734314,20:36:49
person,0,0.8771633505821228,20:36:49
person,0,0.9011589884757996,20:36:49
person,0,0.8799808025360107,20:37:30
person,0,0.8518955707550049,20:37:31
person,0,0.8619909286499023,20:37:31
person,0,0.8555454611778259,20:37:31
person,0,0.8405107259750366,20:37:31
person,0,0.6501795649528503,20:37:31
person,0,0.7289880514144897,20:37:32
person,0,0.7220246195793152,20:37:32
person,0,0.6693638563156128,20:37:32
person,0,0.6478043794631958,20:37:32
person,0,0.7508397102355957,20:37:32
person,0,0.6965254545211792,20:37:32
person,0,0.6499256491661072,20:37:32
person,0,0.6914251446723938,20:37:33
person,0,0.7303335070610046,20:37:33
person,0,0.7710599303245544,20:37:33
person,0,0.6910427212715149,20:37:33
person,0,0.657433807849884,20:37:33
person,0,0.7463720440864563,20:37:33
person,0,0.7362361550331116,20:37:33
person,0,0.7741226553916931,20:37:34
person,0,0.6695138812065125,20:37:34
person,0,0.6919447183609009,20:37:34
person,0,0.668637216091156,20:37:34
person,0,0.6940351724624634,20:37:34
person,0,0.7673406600952148,20:37:34
person,0,0.7785970568656921,20:37:34
person,0,0.6679019927978516,20:37:35
person,0,0.7558094263076782,20:37:35
person,0,0.8680139780044556,20:37:35
person,0,0.8911597728729248,20:37:35
person,0,0.936042308807373,20:37:35
person,0,0.9529090523719788,20:37:35
person,0,0.6259642243385315,20:37:36
person,0,0.8295984864234924,20:37:36
person,0,0.762916088104248,20:37:36
person,0,0.679898738861084,20:37:36
person,0,0.7408773899078369,20:37:36
person,0,0.6840418577194214,20:37:36
person,0,0.6738280057907104,20:37:36
cell phone,67,0.7166867256164551,20:37:37
person,0,0.7026309967041016,20:37:37
person,0,0.7757648825645447,20:37:37
person,0,0.6494663953781128,20:37:37
person,0,0.6972339749336243,20:37:37
person,0,0.7019703984260559,20:37:37
cell phone,67,0.6042122840881348,20:37:37
person,0,0.7070205211639404,20:37:37
cell phone,67,0.6017675399780273,20:37:37
person,0,0.7529653310775757,20:37:38
person,0,0.7332608103752136,20:37:38
person,0,0.8765976428985596,20:37:38
person,0,0.8364010453224182,20:37:38
person,0,0.8928176760673523,20:37:57
person,0,0.879557192325592,20:37:58
person,0,0.8819434642791748,20:37:58
person,0,0.8627423644065857,20:37:58
person,0,0.8726235032081604,20:37:58
person,0,0.8650245070457458,20:37:58
person,0,0.6305110454559326,20:37:58
person,0,0.797406792640686,20:37:59
person,0,0.6982775330543518,20:37:59
person,0,0.7241822481155396,20:37:59
person,0,0.780526876449585,20:37:59
person,0,0.8079494833946228,20:37:59
person,0,0.8246742486953735,20:37:59
person,0,0.8002129793167114,20:38:00
person,0,0.8816609382629395,20:38:00
person,0,0.8224564790725708,20:38:00
person,0,0.8698084354400635,20:38:00
person,0,0.9069074988365173,20:38:00
person,0,0.8855303525924683,20:38:00
person,0,0.9190970659255981,20:38:01
person,0,0.8184300065040588,20:38:01
person,0,0.8302901983261108,20:38:01
person,0,0.7664836049079895,20:38:01
person,0,0.8002559542655945,20:38:01
person,0,0.8929875493049622,20:38:01
person,0,0.7995554804801941,20:38:02
person,0,0.8128542304039001,20:38:02
person,0,0.7604526281356812,20:38:02
person,0,0.7444323897361755,20:38:02
person,0,0.7922849059104919,20:38:02
person,0,0.86741042137146,20:38:02
person,0,0.8307170867919922,20:38:02
person,0,0.8157798647880554,20:38:03
person,0,0.8144258260726929,20:38:03
person,0,0.7722054123878479,20:38:03
person,0,0.7145607471466064,20:38:03
person,0,0.8060246706008911,20:38:03
person,0,0.8170884847640991,20:38:03
person,0,0.8148788213729858,20:38:03
person,0,0.7970666289329529,20:38:04
person,0,0.8953058123588562,20:38:04
person,0,0.7416551113128662,20:38:04
cell phone,67,0.6698051691055298,20:38:04
person,0,0.784609317779541,20:38:04
cell phone,67,0.7907465696334839,20:38:04
person,0,0.7894371151924133,20:38:04
person,0,0.7749389410018921,20:38:04
cell phone,67,0.7723116874694824,20:38:04
person,0,0.7623993158340454,20:38:05
cell phone,67,0.6466188430786133,20:38:05
cell phone,67,0.6293035745620728,20:38:05
person,0,0.8037216067314148,20:38:05
cell phone,67,0.6558126211166382,20:38:05
person,0,0.8107808828353882,20:38:05
cell phone,67,0.6887317299842834,20:38:05
person,0,0.7534816861152649,20:38:05
person,0,0.7244212031364441,20:38:05
person,0,0.8267684578895569,20:38:05
person,0,0.7574449777603149,20:38:05
person,0,0.8964672684669495,20:39:29
person,0,0.8595848679542542,20:39:29
person,0,0.8556884527206421,20:39:29
person,0,0.8578394055366516,20:39:29
person,0,0.8357406258583069,20:39:30
person,0,0.8387584686279297,20:39:30
person,0,0.7702640891075134,20:39:30
person,0,0.8839898705482483,20:39:30
person,0,0.8640607595443726,20:39:30
person,0,0.8289788961410522,20:39:30
person,0,0.9095260500907898,20:39:31
person,0,0.8420816659927368,20:39:31
person,0,0.8061333894729614,20:39:31
person,0,0.8186972737312317,20:39:31
person,0,0.7856863141059875,20:39:31
person,0,0.7079488039016724,20:39:31
person,0,0.8269503712654114,20:39:31
person,0,0.8737671971321106,20:39:32
person,0,0.885972261428833,20:39:32
person,0,0.8882347345352173,20:39:32
person,0,0.9189743399620056,20:39:32
person,0,0.8939863443374634,20:39:32
person,0,0.7517994046211243,20:39:32
person,0,0.6995760202407837,20:39:32
person,0,0.6885238289833069,20:39:33
person,0,0.6575316786766052,20:39:33
person,0,0.8945801854133606,20:39:33
person,0,0.8971510529518127,20:39:33
person,0,0.8535671830177307,20:39:33
person,0,0.8040974736213684,20:39:33
person,0,0.863498866558075,20:39:33
person,0,0.9119158387184143,20:39:34
person,0,0.8034387826919556,20:39:34
person,0,0.8044080138206482,20:39:34
cell phone,67,0.7944997549057007,20:39:34
person,0,0.7731941342353821,20:39:34
cell phone,67,0.6700156331062317,20:39:34
person,0,0.7838786840438843,20:39:34
person,0,0.8286964297294617,20:39:34
person,0,0.7385178208351135,20:39:35
person,0,0.7658441066741943,20:39:35
person,0,0.861240565776825,20:39:35
person,0,0.711685836315155,20:39:35
person,0,0.8559744954109192,20:39:35
person,0,0.8545458912849426,20:39:35
person,0,0.836875319480896,20:39:35
person,0,0.8722639083862305,20:39:36
person,0,0.7399410605430603,20:39:36
person,0,0.8800503015518188,20:39:36
person,0,0.8820542693138123,20:39:36
person,0,0.8337265253067017,20:39:36
person,0,0.8385584354400635,20:39:37
person,0,0.8416039943695068,20:39:37
person,0,0.8542329668998718,20:39:37
person,0,0.8574737906455994,20:39:37
person,0,0.8850811719894409,20:39:37
person,0,0.900442898273468,20:39:37
person,0,0.8853607177734375,20:39:38
person,0,0.8772157430648804,20:39:38
person,0,0.8768717646598816,20:39:38
person,0,0.863903284072876,20:39:38
person,0,0.8888309597969055,20:39:38
person,0,0.8860942125320435,20:39:38
person,0,0.8836734890937805,20:39:39
